topic,posting_url,posting_title,employer,date_retrieved,notes,link_type
programming,https://ph.indeed.com/q-entry-level-java-developer-l-philippines-jobs.html,Software/Web Developer job listings (ph.indeed.com),,2026-09-20,,listing
programming,https://bossjob.com/en-us/job/software-developer-306213,"Bossjob - Software Developer, Thurston Software",,2026-09-20,,posting
programming,https://ph.indeed.com/q-web-developer-entry-level-jobs.html,Software/Web Developer job listings (ph.indeed.com),,2026-09-20,,listing
programming,"https://ph.indeed.com/q-entry-level,-java-developer-jobs.html",Software/Web Developer job listings (ph.indeed.com),,2026-09-20,,listing
programming,https://ph.indeed.com/q-software-developer-entry-level-jobs.html,Software/Web Developer job listings (ph.indeed.com),,2026-09-20,,listing
programming,https://bossjob.com/job/security-engineer-i-303521,Bossjob - Full Stack .NET Developer MAUI,,2026-09-20,,posting
programming,https://bossjob.ph/en-us/job/qa-tester-cavite-336923,"JobStreet PH / Bossjob - QA Tester, Yonghwa; Test Analyst, Eclaro",,2026-09-20,,posting
programming,https://bossjob.com/job/software-tester-274068,"Bossjob - Software Tester, Cepat Kredit Financing",,2026-09-20,,posting
programming,https://jobs.recooty.com/rchilli/data-analyst-fresher-rc414,Recooty - QA Analyst/Data Analyst Fresher,,2026-09-20,,posting
programming,https://ph.jobstreet.com/software-test-engineer-jobs/remote,QA / Software Tester job listings (ph.jobstreet.com),,2026-09-20,,listing
data and ai,https://bossjob.com/job/data-analyst-quezon-city-329390,"Bossjob - Junior Data Analyst, Nityo Infotech",,2026-09-20,,posting
data and ai,https://ph.jobstreet.com/junior-data-qa-jobs/full-time,Data Analyst job listings (ph.jobstreet.com),,2026-09-20,,listing
networking,https://ph.jobstreet.com/it-developer-jobs/in-Tanay-Rizal,IT Support / Network Admin job listings (ph.jobstreet.com),,2026-09-20,,listing
networking,https://ph.jobstreet.com/network-developer-jobs/on-site,IT Support / Network Admin job listings (ph.jobstreet.com),,2026-09-20,,listing
networking,https://ph.jobstreet.com/junior-cloud-devops-jobs/on-site,IT Support / Network Admin job listings (ph.jobstreet.com),,2026-09-20,,listing
security,https://ph.jobstreet.com/python-jobs-in-information-communication-technology/security/in-Pililla-Rizal,Cybersecurity Analyst (Junior) job listings (ph.jobstreet.com),,2026-09-20,,listing
security,https://bossjob.ph/en-us/job/cyber-security-analyst-pasay-410346,"Bossjob - Junior Vulnerability Analyst, J-K Network Services",,2026-09-20,,posting
security,https://demo.evennia.com/post/2025-entry-level-jobs,Cybersecurity Analyst (Junior) job listings (demo.evennia.com),,2026-09-20,,listing
security,https://ph.jobstreet.com/junior-cloud-jobs/in-Rizal-Baras-Rizal,Cybersecurity Analyst (Junior) job listings (ph.jobstreet.com),,2026-09-20,,listing
systems,https://technology.inquirer.net/139541/the-highest-paying-jobs-in-the-philippines-for-2025/amp,Cloud/DevOps (Trainee) job listings (technology.inquirer.net),,2026-09-20,,listing
programming,https://ph.jobstreet.com/Software-Developer-jobs,Software/Web Developer job listings (ph.jobstreet.com),EY-GDS,,,listing
programming,https://ph.jobstreet.com/software-developer-jobs/on-site,Software/Web Developer job listings (ph.jobstreet.com),,,,listing
programming,https://ph.jobstreet.com/associate-software-developer-entry-level-jobs/on-site,Software/Web Developer job listings (ph.jobstreet.com),,,,listing
programming,https://ph.jobstreet.com/entry-level-java-developer-jobs/in-Kalayaan-Angono-Rizal/on-site,Software/Web Developer job listings (ph.jobstreet.com),,,,listing
programming,https://ph.jobstreet.com/junior-backend-php-developer-jobs-in-information-communication-technology/developers-programmers/in-Rizal-Baras-Rizal,Software/Web Developer job listings (ph.jobstreet.com),,,,listing
programming,https://ph.jobstreet.com/fresh-grad-java-jobs/in-Rizal-Baras-Rizal/contract-temp,Software/Web Developer job listings (ph.jobstreet.com),,,,listing
programming,https://ph.jobstreet.com/php-developer-remote-jobs-in-information-communication-technology/developers-programmers/in-Angono-Rizal/full-time/on-site,Software/Web Developer job listings (ph.jobstreet.com),,,,listing
programming,https://ph.jobstreet.com/python-developer-fresh-grad-jobs-in-information-communication-technology/developers-programmers/in-Rizal-Baras-Rizal/on-site,Software/Web Developer job listings (ph.jobstreet.com),,,,listing
programming,https://ph.indeed.com/QA-Tester-jobs-in-Cubao,QA / Software Tester job listings (ph.indeed.com),Amber Studio,,,listing
programming,https://bossjob.ph/en-us/job/qa-tester-cavite-493235,QA Staff — fresh graduate of BS in ECE welcome,Dempsey Resource Management Inc.,2026-04-28,,posting
programming,https://ph.jobstreet.com/entry-level-software-tester-jobs/in-Rizal-Baras-Rizal,QA / Software Tester job listings (ph.jobstreet.com),"(unnamed, PH IT service provider)",,,listing
programming,https://ph.jobstreet.com/associate-software-tester-jobs/in-Rizal-Baras-Rizal,QA / Software Tester job listings (ph.jobstreet.com),,,,listing
programming,https://ph.jobstreet.com/qa-jobs,QA / Software Tester job listings (ph.jobstreet.com),(unnamed game studio),,,listing
programming,https://ph.jobstreet.com/manual-test-jobs/in-Rizal-Baras-Rizal,QA / Software Tester job listings (ph.jobstreet.com),,,,listing
programming,https://ph.jobstreet.com/software-testing-jobs/in-Rizal-Baras-Rizal/contract-temp/on-site,QA / Software Tester job listings (ph.jobstreet.com),PixelMine OPC,,,listing
data and ai,https://ph.jobstreet.com/junior-report-developer-jobs,Data Analyst job listings (ph.jobstreet.com),,,,listing
data and ai,https://ph.jobstreet.com/junior-pl-sql-developer-jobs/in-Rodriguez-Rizal/full-time,Data Analyst job listings (ph.jobstreet.com),,,,listing
data and ai,https://ph.jobstreet.com/junior-sql-developer-jobs,Data Analyst job listings (ph.jobstreet.com),,,,listing
data and ai,https://ph.jobstreet.com/junior-sql-jobs/in-San-Pedro-Angono-Rizal,Data Analyst job listings (ph.jobstreet.com),,,,listing
data and ai,https://ph.jobstreet.com/junior-oracle-sql-developer-jobs/in-Cardona-Rizal/contract-temp,Data Analyst job listings (ph.jobstreet.com),,,,listing
networking,https://ph.jobstreet.com/junior-cloud-network-jobs/in-Rodriguez-Rizal,IT Support / Network Admin job listings (ph.jobstreet.com),,,,listing
networking,https://ph.jobstreet.com/it-security-entry-jobs,IT Support / Network Admin job listings (ph.jobstreet.com),,,,listing
networking,https://ph.jobstreet.com/junior-linux-jobs,IT Support / Network Admin job listings (ph.jobstreet.com),,,,listing
networking,https://ph.jobstreet.com/open-it-jobs,IT Support / Network Admin job listings (ph.jobstreet.com),,,,listing
networking,https://ph.jobstreet.com/it-field-jobs/in-Rizal-Baras-Rizal,IT Support / Network Admin job listings (ph.jobstreet.com),,,,listing
networking,https://ph.jobstreet.com/networking-intern-jobs/in-Rodriguez-Rizal,IT Support / Network Admin job listings (ph.jobstreet.com),,,,listing
security,https://ph.jobstreet.com/job/87618324,Junior SOC Analyst (L1 and L2) — monitor/respond to security threats,"Treantly (for NA client, PH remote staff)",,,posting
security,https://ph.jobstreet.com/python-jobs-in-information-communication-technology/security/in-Real-Cardona-Rizal,Cybersecurity Analyst job listings (ph.jobstreet.com),,,,listing
security,https://ph.jobstreet.com/information-security-intern-jobs/in-Rizal-Baras-Rizal,Cybersecurity Analyst job listings (ph.jobstreet.com),Infinit-O,,,listing
security,https://ph.jobstreet.com/junior-codev-developer-jobs-in-information-communication-technology/security,Cybersecurity Analyst job listings (ph.jobstreet.com),,,,listing
systems,https://ph.jobstreet.com/junior-devops-jobs/in-San-Roque-Cainta-Rizal,Cloud / DevOps (Trainee) job listings (ph.jobstreet.com),,,,listing
systems,https://ph.jobstreet.com/devops-trainee-jobs/in-Real-Cardona-Rizal,Cloud / DevOps (Trainee) job listings (ph.jobstreet.com),,,,listing
systems,https://ph.jobstreet.com/junior-devops-jobs/in-Rizal-Baras-Rizal/contract-temp,Cloud / DevOps (Trainee) job listings (ph.jobstreet.com),,,,listing
systems,https://ph.jobstreet.com/junior-cloud-devops-jobs/in-Rodriguez-Rizal/contract-temp,Cloud / DevOps (Trainee) job listings (ph.jobstreet.com),,,,listing
programming,https://ph.jobstreet.com/android-jobs,Mobile App Developer job listings (ph.jobstreet.com),,,,listing
programming,https://ph.jobstreet.com/junior-flutter-developer-jobs/on-site,Mobile App Developer job listings (ph.jobstreet.com),"(unnamed, PH IT service provider)",,,listing
programming,https://ph.jobstreet.com/flutter-jobs/in-Cardona-Rizal,Mobile App Developer job listings (ph.jobstreet.com),,,,listing
programming,https://ph.jobstreet.com/mobile-application-developer-jobs/in-San-Isidro-Cainta-Rizal,Mobile App Developer job listings (ph.jobstreet.com),,,,listing
programming,https://ph.jobstreet.com/mobile-developer-jobs/in-Rodriguez-Rizal/full-time,Mobile App Developer job listings (ph.jobstreet.com),(unnamed game studio),,,listing
programming,https://ph.jobstreet.com/qa-tester-jobs,QA / Software Tester job listings (ph.jobstreet.com),Pointwest Technologies,,,listing
programming,https://ph.indeed.com/q-qa-tester-jobs.html,QA / Software Tester job listings (ph.indeed.com),Stratpoint Technologies,,,listing
programming,https://bossjob.ph/jobs/qa-tester,QA / Software Tester job listings (bossjob.ph),Infor PSSC Manila,,,listing
data and ai,https://ph.jobstreet.com/data-analyst-jobs,Data Analyst job listings (ph.jobstreet.com),Sprout Solutions,,,listing
data and ai,https://bossjob.ph/jobs/data-analyst,Data Analyst job listings (bossjob.ph),TaskUs Philippines,,,listing
data and ai,https://ph.indeed.com/q-data-analyst-jobs.html,Data Analyst job listings (ph.indeed.com),Cognizant Philippines,,,listing
networking,https://ph.jobstreet.com/it-support-jobs,IT Support / Network Admin job listings (ph.jobstreet.com),Concentrix Philippines,,,listing
networking,https://bossjob.ph/jobs/it-support,IT Support / Network Admin job listings (bossjob.ph),SM Prime Holdings,,,listing
networking,https://ph.indeed.com/q-it-support-jobs.html,IT Support / Network Admin job listings (ph.indeed.com),KMC Solutions,,,listing
security,https://ph.jobstreet.com/cybersecurity-jobs,Cybersecurity Analyst job listings (ph.jobstreet.com),eCop Security Philippines,,,listing
security,https://bossjob.ph/jobs/cybersecurity,Cybersecurity Analyst job listings (bossjob.ph),Navaire Cyber,,,listing
security,https://ph.indeed.com/q-cybersecurity-jobs.html,Cybersecurity Analyst job listings (ph.indeed.com),Trends & Technologies Inc.,,,listing
systems,https://ph.jobstreet.com/cloud-devops-jobs,Cloud / DevOps (Trainee) job listings (ph.jobstreet.com),Accenture Philippines,,,listing
systems,https://bossjob.ph/jobs/devops,Cloud / DevOps (Trainee) job listings (bossjob.ph),Samsung R&D Institute Philippines,,,listing
systems,https://ph.indeed.com/q-cloud-devops-jobs.html,Cloud / DevOps (Trainee) job listings (ph.indeed.com),White Cloak Technologies,,,listing
programming,https://ph.jobstreet.com/mobile-developer-jobs,Mobile App Developer job listings (ph.jobstreet.com),Custom-Built Apps PH,,,listing
programming,https://bossjob.ph/jobs/mobile-developer,Mobile App Developer job listings (bossjob.ph),Ingenious Technology PH,,,listing
programming,https://ph.indeed.com/q-mobile-developer-jobs.html,Mobile App Developer job listings (ph.indeed.com),Kumu Philippines,,,listing
databases,https://bossjob.com/job/data-analyst-quezon-city-329390,"Bossjob - Junior Data Analyst, Nityo Infotech",,2026-09-20,,posting
databases,https://ph.jobstreet.com/junior-data-qa-jobs/full-time,Data Analyst job listings (ph.jobstreet.com),,2026-09-20,,listing
systems,https://ph.jobstreet.com/it-developer-jobs/in-Tanay-Rizal,IT Support / Network Admin job listings (ph.jobstreet.com),,2026-09-20,,listing
systems,https://ph.jobstreet.com/network-developer-jobs/on-site,IT Support / Network Admin job listings (ph.jobstreet.com),,2026-09-20,,listing
systems,https://ph.jobstreet.com/junior-cloud-devops-jobs/on-site,IT Support / Network Admin job listings (ph.jobstreet.com),,2026-09-20,,listing
programming,https://technology.inquirer.net/139541/the-highest-paying-jobs-in-the-philippines-for-2025/amp,Cloud/DevOps (Trainee) job listings (technology.inquirer.net),,2026-09-20,,listing
general it practice,https://ph.jobstreet.com/it-developer-jobs/in-Tanay-Rizal,Cross-role (all IT/CS entry roles) job listings (ph.jobstreet.com),,2026-09-20,,listing
general it practice,https://ph.indeed.com/q-software-developer-entry-level-jobs.html,Cross-role (all IT/CS entry roles) job listings (ph.indeed.com),,2026-09-20,,listing
general it practice,https://ph.indeed.com/q-entry-level-java-developer-l-philippines-jobs.html,Cross-role (all IT/CS entry roles) job listings (ph.indeed.com),,2026-09-20,,listing
general it practice,https://ph.indeed.com/q-web-developer-entry-level-jobs.html,Cross-role (all IT/CS entry roles) job listings (ph.indeed.com),,2026-09-20,,listing
databases,https://ph.jobstreet.com/junior-report-developer-jobs,Data Analyst job listings (ph.jobstreet.com),,,,listing
databases,https://ph.jobstreet.com/junior-pl-sql-developer-jobs/in-Rodriguez-Rizal/full-time,Data Analyst job listings (ph.jobstreet.com),,,,listing
databases,https://ph.jobstreet.com/junior-sql-developer-jobs,Data Analyst job listings (ph.jobstreet.com),,,,listing
databases,https://ph.jobstreet.com/junior-sql-jobs/in-San-Pedro-Angono-Rizal,Data Analyst job listings (ph.jobstreet.com),,,,listing
databases,https://ph.jobstreet.com/junior-oracle-sql-developer-jobs/in-Cardona-Rizal/contract-temp,Data Analyst job listings (ph.jobstreet.com),,,,listing
systems,https://ph.jobstreet.com/junior-cloud-network-jobs/in-Rodriguez-Rizal,IT Support / Network Admin job listings (ph.jobstreet.com),,,,listing
systems,https://ph.jobstreet.com/it-security-entry-jobs,IT Support / Network Admin job listings (ph.jobstreet.com),,,,listing
systems,https://ph.jobstreet.com/junior-linux-jobs,IT Support / Network Admin job listings (ph.jobstreet.com),,,,listing
systems,https://ph.jobstreet.com/open-it-jobs,IT Support / Network Admin job listings (ph.jobstreet.com),,,,listing
systems,https://ph.jobstreet.com/it-field-jobs/in-Rizal-Baras-Rizal,IT Support / Network Admin job listings (ph.jobstreet.com),,,,listing
systems,https://ph.jobstreet.com/networking-intern-jobs/in-Rodriguez-Rizal,IT Support / Network Admin job listings (ph.jobstreet.com),,,,listing
programming,https://ph.jobstreet.com/junior-devops-jobs/in-San-Roque-Cainta-Rizal,Cloud / DevOps (Trainee) job listings (ph.jobstreet.com),,,,listing
programming,https://ph.jobstreet.com/devops-trainee-jobs/in-Real-Cardona-Rizal,Cloud / DevOps (Trainee) job listings (ph.jobstreet.com),,,,listing
programming,https://ph.jobstreet.com/junior-devops-jobs/in-Rizal-Baras-Rizal/contract-temp,Cloud / DevOps (Trainee) job listings (ph.jobstreet.com),,,,listing
programming,https://ph.jobstreet.com/junior-cloud-devops-jobs/in-Rodriguez-Rizal/contract-temp,Cloud / DevOps (Trainee) job listings (ph.jobstreet.com),,,,listing
databases,https://ph.jobstreet.com/data-analyst-jobs,Data Analyst job listings (ph.jobstreet.com),Sprout Solutions,,,listing
databases,https://bossjob.ph/jobs/data-analyst,Data Analyst job listings (bossjob.ph),TaskUs Philippines,,,listing
databases,https://ph.indeed.com/q-data-analyst-jobs.html,Data Analyst job listings (ph.indeed.com),Cognizant Philippines,,,listing
systems,https://ph.jobstreet.com/it-support-jobs,IT Support / Network Admin job listings (ph.jobstreet.com),Concentrix Philippines,,,listing
systems,https://bossjob.ph/jobs/it-support,IT Support / Network Admin job listings (bossjob.ph),SM Prime Holdings,,,listing
systems,https://ph.indeed.com/q-it-support-jobs.html,IT Support / Network Admin job listings (ph.indeed.com),KMC Solutions,,,listing
programming,https://ph.jobstreet.com/cloud-devops-jobs,Cloud / DevOps (Trainee) job listings (ph.jobstreet.com),Accenture Philippines,,,listing
programming,https://bossjob.ph/jobs/devops,Cloud / DevOps (Trainee) job listings (bossjob.ph),Samsung R&D Institute Philippines,,,listing
programming,https://ph.indeed.com/q-cloud-devops-jobs.html,Cloud / DevOps (Trainee) job listings (ph.indeed.com),White Cloak Technologies,,,listing
