topic,keyword
programming,programming
programming,algorithm
programming,software
programming,web
programming,application
databases,database
databases,information management
databases,data management
databases,sql
networking,network
networking,data communications
security,security
security,assurance
security,cybersecurity
data and ai,machine learning
data and ai,deep learning
data and ai,data science
data and ai,artificial intelligence
data and ai,analytics
systems,operating system
systems,systems administration
systems,architecture
general it practice,on the job training
general it practice,capstone
general it practice,practicum
general it practice,professional
